{
  "rouge": {
    "rouge-1": {
      "r": 0.42292838871705046,
      "p": 0.3743258355886278,
      "f": 0.3697206136447293
    },
    "rouge-2": {
      "r": 0.20368422125635396,
      "p": 0.15591050979621696,
      "f": 0.16041389691394595
    },
    "rouge-l": {
      "r": 0.3904920996963964,
      "p": 0.34608632270355305,
      "f": 0.3414252572596477
    }
  },
  "lemmatization_rouge": {
    "rouge-1": {
      "r": 0.4700430655869819,
      "p": 0.41976891919717174,
      "f": 0.41491014621247074
    },
    "rouge-2": {
      "r": 0.22580980853890653,
      "p": 0.172751116541602,
      "f": 0.17758037804262852
    },
    "rouge-l": {
      "r": 0.4292139039927951,
      "p": 0.3838495218942713,
      "f": 0.3788963066735741
    }
  },
  "wups": 0.0,
  "max_wups": 0.0,
  "meteor": 0.3084069825456077
}