{
  "rouge": {
    "rouge-1": {
      "r": 0.1707458333333336,
      "p": 0.01023958893391553,
      "f": 0.01872007756642634
    },
    "rouge-2": {
      "r": 0.011708333333333336,
      "p": 0.0004431356766904921,
      "f": 0.0008130199453879187
    },
    "rouge-l": {
      "r": 0.1701625000000003,
      "p": 0.010214420762647215,
      "f": 0.018672144303682206
    }
  },
  "lemmatization_rouge": {
    "rouge-1": {
      "r": 0.19726666666666698,
      "p": 0.011180257450191203,
      "f": 0.020601064815185165
    },
    "rouge-2": {
      "r": 0.015458333333333336,
      "p": 0.00045208270728010875,
      "f": 0.0008441221082805128
    },
    "rouge-l": {
      "r": 0.19605833333333364,
      "p": 0.011115139531106849,
      "f": 0.02047842463861997
    }
  },
  "wups": 0.34777795365593306,
  "max_wups": 0.40042330084565037,
  "meteor": 0.04239958147379087
}