{
  "rouge": {
    "rouge-1": {
      "r": 0.3835797818800647,
      "p": 0.023303703790868477,
      "f": 0.04298779121554019
    },
    "rouge-2": {
      "r": 0.0744269422739677,
      "p": 0.0025707909755898705,
      "f": 0.00487036926167175
    },
    "rouge-l": {
      "r": 0.37767305876370977,
      "p": 0.022818238619645773,
      "f": 0.042110003073231934
    }
  },
  "lemmatization_rouge": {
    "rouge-1": {
      "r": 0.44089100229326744,
      "p": 0.027356479746904225,
      "f": 0.05046898932524673
    },
    "rouge-2": {
      "r": 0.09692328445869498,
      "p": 0.003098273807295221,
      "f": 0.005901227149639724
    },
    "rouge-l": {
      "r": 0.4330523819900583,
      "p": 0.026697006142237974,
      "f": 0.04927638162627065
    }
  },
  "wups": 0.21308579008680484,
  "max_wups": 0.26060173659587954,
  "meteor": 0.05343487720263111
}