{
  "rouge": {
    "rouge-1": {
      "r": 0.4010311635672854,
      "p": 0.15309910554759373,
      "f": 0.1948114680037318
    },
    "rouge-2": {
      "r": 0.20396874385167246,
      "p": 0.07028839505353784,
      "f": 0.08959793417918263
    },
    "rouge-l": {
      "r": 0.3843992569481643,
      "p": 0.14358646724128196,
      "f": 0.18379277718545758
    }
  },
  "lemmatization_rouge": {
    "rouge-1": {
      "r": 0.5128304981495341,
      "p": 0.17836819905307597,
      "f": 0.23059409953678064
    },
    "rouge-2": {
      "r": 0.23232536240423923,
      "p": 0.07732099754639776,
      "f": 0.09946139064172806
    },
    "rouge-l": {
      "r": 0.4900719180643073,
      "p": 0.1662785845327923,
      "f": 0.2162245239611228
    }
  },
  "wups": 0.07298479694678932,
  "max_wups": 0.09244837815502374,
  "meteor": 0.25418106547163666
}