{
  "rouge": {
    "rouge-1": {
      "r": 0.360044270125441,
      "p": 0.042965945560977076,
      "f": 0.07484673645791941
    },
    "rouge-2": {
      "r": 0.005272564542107468,
      "p": 0.0011453978941413324,
      "f": 0.0018386681821793245
    },
    "rouge-l": {
      "r": 0.35851514165270054,
      "p": 0.04251040843954299,
      "f": 0.07416275056901812
    }
  },
  "lemmatization_rouge": {
    "rouge-1": {
      "r": 0.4034406430818281,
      "p": 0.04976761545252261,
      "f": 0.08618094659240355
    },
    "rouge-2": {
      "r": 0.012082517368719842,
      "p": 0.0021773583525763313,
      "f": 0.0035730451147136092
    },
    "rouge-l": {
      "r": 0.40021272097308846,
      "p": 0.04889695768353635,
      "f": 0.08484435339153311
    }
  },
  "wups": 0.4251629991157915,
  "max_wups": 0.4739769889093311,
  "meteor": 0.1223743331430987
}