{
  "rouge": {
    "rouge-1": {
      "r": 0.2608588181980473,
      "p": 0.022540753697309072,
      "f": 0.04118659992328074
    },
    "rouge-2": {
      "r": 0.00016478762994191236,
      "p": 1.5453004870773157e-05,
      "f": 2.7759338914782797e-05
    },
    "rouge-l": {
      "r": 0.2608588181980473,
      "p": 0.022540753697309072,
      "f": 0.04118659992328074
    }
  },
  "lemmatization_rouge": {
    "rouge-1": {
      "r": 0.3626975735021491,
      "p": 0.03043322605672618,
      "f": 0.05571605576942736
    },
    "rouge-2": {
      "r": 0.00016478762994191236,
      "p": 1.5270492088872835e-05,
      "f": 2.7441513023081923e-05
    },
    "rouge-l": {
      "r": 0.3626975735021491,
      "p": 0.03043322605672618,
      "f": 0.05571605576942736
    }
  },
  "wups": 0.4228314885976,
  "max_wups": 0.4834501693292415,
  "meteor": 0.08434289413859301
}