{
  "rouge": {
    "rouge-1": {
      "r": 0.35838650023116086,
      "p": 0.04217390348843211,
      "f": 0.07369490011705812
    },
    "rouge-2": {
      "r": 0.005158576051779935,
      "p": 0.0010061852102941408,
      "f": 0.0016544197417263904
    },
    "rouge-l": {
      "r": 0.3563088303282485,
      "p": 0.04164426526268036,
      "f": 0.07287292114352666
    }
  },
  "lemmatization_rouge": {
    "rouge-1": {
      "r": 0.40205732778548314,
      "p": 0.049026772975985455,
      "f": 0.08505952751617903
    },
    "rouge-2": {
      "r": 0.011447064262598243,
      "p": 0.002026066741823152,
      "f": 0.0033591658922434357
    },
    "rouge-l": {
      "r": 0.3983578363384192,
      "p": 0.04803251676546182,
      "f": 0.08352721345856544
    }
  },
  "wups": 0.42610308515514533,
  "max_wups": 0.4713896491902781,
  "meteor": 0.12013300437752483
}