{
  "rouge": {
    "rouge-1": {
      "r": 0.38631178707224334,
      "p": 0.03748406199053022,
      "f": 0.06794010806332659
    },
    "rouge-2": {
      "r": 0.0,
      "p": 0.0,
      "f": 0.0
    },
    "rouge-l": {
      "r": 0.38631178707224334,
      "p": 0.03748406199053022,
      "f": 0.06794010806332659
    }
  },
  "lemmatization_rouge": {
    "rouge-1": {
      "r": 0.47072243346007603,
      "p": 0.04446829774501576,
      "f": 0.08075514251356213
    },
    "rouge-2": {
      "r": 0.0,
      "p": 0.0,
      "f": 0.0
    },
    "rouge-l": {
      "r": 0.47072243346007603,
      "p": 0.04446829774501576,
      "f": 0.08075514251356213
    }
  },
  "wups": 0.5388217789992228,
  "max_wups": 0.5859278085823726,
  "meteor": 0.11455639371344162
}