{
  "rouge": {
    "rouge-1": {
      "r": 0.2536391101345784,
      "p": 0.02161453911895247,
      "f": 0.03953727676776024
    },
    "rouge-2": {
      "r": 0.00013732491073880802,
      "p": 9.154994049253868e-06,
      "f": 1.7165613681423375e-05
    },
    "rouge-l": {
      "r": 0.2536391101345784,
      "p": 0.02161453911895247,
      "f": 0.03953727676776024
    }
  },
  "lemmatization_rouge": {
    "rouge-1": {
      "r": 0.3522383960450426,
      "p": 0.029138582196823748,
      "f": 0.05339584567045751
    },
    "rouge-2": {
      "r": 0.00013732491073880802,
      "p": 9.154994049253868e-06,
      "f": 1.7165613681423375e-05
    },
    "rouge-l": {
      "r": 0.3522383960450426,
      "p": 0.029138582196823748,
      "f": 0.05339584567045751
    }
  },
  "wups": 0.4178503014303386,
  "max_wups": 0.4773381933705636,
  "meteor": 0.08121524679966018
}