{
  "rouge": {
    "rouge-1": {
      "r": 0.2665485436295974,
      "p": 0.26820310861328245,
      "f": 0.24519513265006054
    },
    "rouge-2": {
      "r": 0.16041190537450256,
      "p": 0.1605304969306536,
      "f": 0.15126993789948434
    },
    "rouge-l": {
      "r": 0.25912577590727603,
      "p": 0.25892626109116584,
      "f": 0.2380911908029509
    }
  },
  "lemmatization_rouge": {
    "rouge-1": {
      "r": 0.34567100604407497,
      "p": 0.309709537043975,
      "f": 0.2880768883229476
    },
    "rouge-2": {
      "r": 0.1733720711334055,
      "p": 0.16988282979612893,
      "f": 0.16084943872951454
    },
    "rouge-l": {
      "r": 0.3329929733990452,
      "p": 0.2957567127180283,
      "f": 0.27644694581424334
    }
  },
  "wups": 0.05889455710986621,
  "max_wups": 0.06251822431166765,
  "meteor": 0.3096364808532036
}