{
  "rouge": {
    "rouge-1": {
      "r": 0.2817316200256233,
      "p": 0.5469575866240394,
      "f": 0.3470529317566998
    },
    "rouge-2": {
      "r": 0.13348798310302984,
      "p": 0.252507248745079,
      "f": 0.1602084670338967
    },
    "rouge-l": {
      "r": 0.26221795925385255,
      "p": 0.5094640695868944,
      "f": 0.3230172370434547
    }
  },
  "lemmatization_rouge": {
    "rouge-1": {
      "r": 0.3074404615687081,
      "p": 0.5973529377658242,
      "f": 0.37991727832610533
    },
    "rouge-2": {
      "r": 0.14154671867496868,
      "p": 0.27846875686594263,
      "f": 0.17167461314006793
    },
    "rouge-l": {
      "r": 0.2831995300229711,
      "p": 0.5520124875285594,
      "f": 0.35021795181776844
    }
  },
  "wups": 0.0,
  "max_wups": 0.0,
  "meteor": 0.2426129432403916
}