{
  "rouge": {
    "rouge-1": {
      "r": 0.24520000000000036,
      "p": 0.17543055382185097,
      "f": 0.18589684137514023
    },
    "rouge-2": {
      "r": 0.007354166666666666,
      "p": 0.003647649966266988,
      "f": 0.004285438537307596
    },
    "rouge-l": {
      "r": 0.24411666666666704,
      "p": 0.17520499528077518,
      "f": 0.18552984026377436
    }
  },
  "lemmatization_rouge": {
    "rouge-1": {
      "r": 0.26317916666666696,
      "p": 0.18295932092112857,
      "f": 0.19508802502434594
    },
    "rouge-2": {
      "r": 0.009229166666666667,
      "p": 0.0037559920871091082,
      "f": 0.004565474820816407
    },
    "rouge-l": {
      "r": 0.2612000000000003,
      "p": 0.1824987073703667,
      "f": 0.19435315669111894
    }
  },
  "wups": 0.3267284520112711,
  "max_wups": 0.3528479632791292,
  "meteor": 0.1492140660822586
}