{
  "rouge": {
    "rouge-1": {
      "r": 0.27844016229285407,
      "p": 0.09146377847554721,
      "f": 0.11848430137786471
    },
    "rouge-2": {
      "r": 0.0529257333789912,
      "p": 0.012942660153537334,
      "f": 0.017931705193062777
    },
    "rouge-l": {
      "r": 0.27117641565233697,
      "p": 0.08980552862054224,
      "f": 0.11590946085902251
    }
  },
  "lemmatization_rouge": {
    "rouge-1": {
      "r": 0.32598683186501953,
      "p": 0.10427281189227938,
      "f": 0.136134948527969
    },
    "rouge-2": {
      "r": 0.06642384999325499,
      "p": 0.01568711379732299,
      "f": 0.021912444338745566
    },
    "rouge-l": {
      "r": 0.3154435036163086,
      "p": 0.10164000447867404,
      "f": 0.13220448550847813
    }
  },
  "wups": 0.16411149947438528,
  "max_wups": 0.19452306052239926,
  "meteor": 0.143342061082049
}