{
  "rouge": {
    "rouge-1": {
      "r": 0.27261366913390367,
      "p": 0.0077322435645689296,
      "f": 0.014753927343968755
    },
    "rouge-2": {
      "r": 0.0003433075623789841,
      "p": 7.773466995876419e-06,
      "f": 1.4688335510681851e-05
    },
    "rouge-l": {
      "r": 0.27261366913390367,
      "p": 0.0077322435645689296,
      "f": 0.014753927343968755
    }
  },
  "lemmatization_rouge": {
    "rouge-1": {
      "r": 0.3884799714368108,
      "p": 0.010807933012614391,
      "f": 0.0207131755704944
    },
    "rouge-2": {
      "r": 0.00038450446986446215,
      "p": 8.974103932455042e-06,
      "f": 1.7031769288505836e-05
    },
    "rouge-l": {
      "r": 0.3884799714368108,
      "p": 0.010807933012614391,
      "f": 0.0207131755704944
    }
  },
  "wups": 0.452940392607573,
  "max_wups": 0.5474808117879018,
  "meteor": 0.03025330967585692
}