{
  "rouge": {
    "rouge-1": {
      "r": 0.37583596691884674,
      "p": 0.019073030078999655,
      "f": 0.03508982080556379
    },
    "rouge-2": {
      "r": 0.007989611129295039,
      "p": 0.0004597651601834745,
      "f": 0.0008387007038527126
    },
    "rouge-l": {
      "r": 0.3742302810863359,
      "p": 0.0188990782909696,
      "f": 0.03478480484757814
    }
  },
  "lemmatization_rouge": {
    "rouge-1": {
      "r": 0.43256637282695043,
      "p": 0.022026325391554514,
      "f": 0.04060320200649633
    },
    "rouge-2": {
      "r": 0.01471232739921331,
      "p": 0.0007302193293350867,
      "f": 0.0013458260085680866
    },
    "rouge-l": {
      "r": 0.42997838579855513,
      "p": 0.02174706308025705,
      "f": 0.04011388554750032
    }
  },
  "wups": 0.3978838051006051,
  "max_wups": 0.4761734554588219,
  "meteor": 0.0543819196077237
}