{
  "rouge": {
    "rouge-1": {
      "r": 0.41726837424944896,
      "p": 0.013856066302840173,
      "f": 0.026202866742224697
    },
    "rouge-2": {
      "r": 0.0002280155050543437,
      "p": 7.2360577739602305e-06,
      "f": 1.3907103907166438e-05
    },
    "rouge-l": {
      "r": 0.41726837424944896,
      "p": 0.013856066302840173,
      "f": 0.026202866742224697
    }
  },
  "lemmatization_rouge": {
    "rouge-1": {
      "r": 0.5026981834764764,
      "p": 0.016698125777131204,
      "f": 0.031679542880920744
    },
    "rouge-2": {
      "r": 0.0002280155050543437,
      "p": 6.915242963794266e-06,
      "f": 1.3317144753830565e-05
    },
    "rouge-l": {
      "r": 0.5026981834764764,
      "p": 0.016698125777131204,
      "f": 0.031679542880920744
    }
  },
  "wups": 0.5672390550874183,
  "max_wups": 0.639770473489666,
  "meteor": 0.043375126472963065
}