{
  "rouge": {
    "rouge-1": {
      "r": 0.37248266296810045,
      "p": 0.01916222015072667,
      "f": 0.03535288764450871
    },
    "rouge-2": {
      "r": 0.0083541377716135,
      "p": 0.0004144384580475416,
      "f": 0.0007710767214538454
    },
    "rouge-l": {
      "r": 0.37073139158576124,
      "p": 0.018983780157118324,
      "f": 0.035039236198666744
    }
  },
  "lemmatization_rouge": {
    "rouge-1": {
      "r": 0.42880721220527024,
      "p": 0.02191181118534875,
      "f": 0.040506870834971336
    },
    "rouge-2": {
      "r": 0.0158206195099399,
      "p": 0.0006635312453222439,
      "f": 0.001243481776181379
    },
    "rouge-l": {
      "r": 0.4266870087840961,
      "p": 0.021695389506251155,
      "f": 0.040126845736198354
    }
  },
  "wups": 0.4002556429865694,
  "max_wups": 0.47355807049934645,
  "meteor": 0.05395033311718385
}