{
  "rouge": {
    "rouge-1": {
      "r": 0.2702554243339742,
      "p": 0.007579138618307326,
      "f": 0.014471498699938823
    },
    "rouge-2": {
      "r": 0.00041197473221642406,
      "p": 4.990524296650925e-06,
      "f": 9.778888362008132e-06
    },
    "rouge-l": {
      "r": 0.2702554243339742,
      "p": 0.007579138618307326,
      "f": 0.014471498699938823
    }
  },
  "lemmatization_rouge": {
    "rouge-1": {
      "r": 0.3902773963196924,
      "p": 0.010783949191649945,
      "f": 0.020674004058092724
    },
    "rouge-2": {
      "r": 0.00041197473221642406,
      "p": 4.7176616339441154e-06,
      "f": 9.259487828407953e-06
    },
    "rouge-l": {
      "r": 0.3902773963196924,
      "p": 0.010783949191649945,
      "f": 0.020674004058092724
    }
  },
  "wups": 0.4580934013292495,
  "max_wups": 0.5499398571696376,
  "meteor": 0.029993395829590697
}