{
  "rouge": {
    "rouge-1": {
      "r": 0.3961977186311787,
      "p": 0.013073341985530822,
      "f": 0.024715406020691943
    },
    "rouge-2": {
      "r": 0.0,
      "p": 0.0,
      "f": 0.0
    },
    "rouge-l": {
      "r": 0.3961977186311787,
      "p": 0.013073341985530822,
      "f": 0.024715406020691943
    }
  },
  "lemmatization_rouge": {
    "rouge-1": {
      "r": 0.4897338403041825,
      "p": 0.015994473436123216,
      "f": 0.03030834062936139
    },
    "rouge-2": {
      "r": 0.0,
      "p": 0.0,
      "f": 0.0
    },
    "rouge-l": {
      "r": 0.4897338403041825,
      "p": 0.015994473436123216,
      "f": 0.03030834062936139
    }
  },
  "wups": 0.5605723668204763,
  "max_wups": 0.6383829403801226,
  "meteor": 0.04113711892186149
}