{
  "rouge": {
    "rouge-1": {
      "r": 0.1465041666666666,
      "p": 0.01592099574033881,
      "f": 0.02796528504368334
    },
    "rouge-2": {
      "r": 0.010270833333333333,
      "p": 0.0009238465669807913,
      "f": 0.001649541180531448
    },
    "rouge-l": {
      "r": 0.14448333333333324,
      "p": 0.015613347074816226,
      "f": 0.027439897333000632
    }
  },
  "lemmatization_rouge": {
    "rouge-1": {
      "r": 0.16935833333333355,
      "p": 0.01847593328284953,
      "f": 0.03242075668643637
    },
    "rouge-2": {
      "r": 0.013312500000000001,
      "p": 0.0011521253516439888,
      "f": 0.002066723300587273
    },
    "rouge-l": {
      "r": 0.16644166666666688,
      "p": 0.017998804634665192,
      "f": 0.0316154182035838
    }
  },
  "wups": 0.31403584126282563,
  "max_wups": 0.3551293672200493,
  "meteor": 0.07605143258617825
}