{
  "rouge": {
    "rouge-1": {
      "r": 0.3971108766469495,
      "p": 0.4708324774655688,
      "f": 0.4100641032657776
    },
    "rouge-2": {
      "r": 0.20103948014371764,
      "p": 0.2260956012612761,
      "f": 0.19854518552899347
    },
    "rouge-l": {
      "r": 0.3661201575943082,
      "p": 0.4326787917232546,
      "f": 0.37739933039073303
    }
  },
  "lemmatization_rouge": {
    "rouge-1": {
      "r": 0.43783490406118675,
      "p": 0.5202245099436288,
      "f": 0.45436385074693225
    },
    "rouge-2": {
      "r": 0.21755426633346772,
      "p": 0.24826643064166568,
      "f": 0.2163201084162238
    },
    "rouge-l": {
      "r": 0.3976493320198273,
      "p": 0.4718513264429743,
      "f": 0.41227105991467883
    }
  },
  "wups": 0.0,
  "max_wups": 0.0,
  "meteor": 0.340980774514635
}