{
  "rouge": {
    "rouge-1": {
      "r": 0.36086184418949147,
      "p": 0.21045826216001715,
      "f": 0.24481041126064118
    },
    "rouge-2": {
      "r": 0.1915065327292493,
      "p": 0.10715992712891806,
      "f": 0.12467696513579611
    },
    "rouge-l": {
      "r": 0.3382462984936238,
      "p": 0.19655988555488557,
      "f": 0.22873278191903426
    }
  },
  "lemmatization_rouge": {
    "rouge-1": {
      "r": 0.4688241797470481,
      "p": 0.24281405686004226,
      "f": 0.2877447576501868
    },
    "rouge-2": {
      "r": 0.21837837738264979,
      "p": 0.1213803816377386,
      "f": 0.14178785073239208
    },
    "rouge-l": {
      "r": 0.4396072975741286,
      "p": 0.22459643048537767,
      "f": 0.26679183593192257
    }
  },
  "wups": 0.06602681565483905,
  "max_wups": 0.07590146115370032,
  "meteor": 0.32877675459986677
}