{
  "rouge": {
    "rouge-1": {
      "r": 0.29946767113905987,
      "p": 0.04665687704546784,
      "f": 0.07737463343953153
    },
    "rouge-2": {
      "r": 0.0618508026440038,
      "p": 0.0077439563063951816,
      "f": 0.013224713691082003
    },
    "rouge-l": {
      "r": 0.28974644335834204,
      "p": 0.04454136792924948,
      "f": 0.07399938590304223
    }
  },
  "lemmatization_rouge": {
    "rouge-1": {
      "r": 0.35258252135022705,
      "p": 0.05445446003794812,
      "f": 0.09059161806636792
    },
    "rouge-2": {
      "r": 0.07843756809762463,
      "p": 0.009350650583731546,
      "f": 0.01608127813102634
    },
    "rouge-l": {
      "r": 0.33872977824819256,
      "p": 0.05150383287993218,
      "f": 0.08585462307215463
    }
  },
  "wups": 0.17142790144998157,
  "max_wups": 0.20427671788816784,
  "meteor": 0.125382259085994
}