{
  "rouge": {
    "rouge-1": {
      "r": 0.30546416674855414,
      "p": 0.17858213117947344,
      "f": 0.2070575228348384
    },
    "rouge-2": {
      "r": 0.1346978316713649,
      "p": 0.07386460110881564,
      "f": 0.08613683544392772
    },
    "rouge-l": {
      "r": 0.2860372191886791,
      "p": 0.16450135924981227,
      "f": 0.19219795649903454
    }
  },
  "lemmatization_rouge": {
    "rouge-1": {
      "r": 0.4171846510249212,
      "p": 0.21292760088898607,
      "f": 0.251654569059303
    },
    "rouge-2": {
      "r": 0.16171450756118755,
      "p": 0.08654366490783451,
      "f": 0.10171970822633775
    },
    "rouge-l": {
      "r": 0.38869927630590717,
      "p": 0.19453633572371887,
      "f": 0.23147868084425072
    }
  },
  "wups": 0.05367716951934587,
  "max_wups": 0.06573298017702005,
  "meteor": 0.29416018337937677
}