{
  "rouge": {
    "rouge-1": {
      "r": 0.12454583333333322,
      "p": 0.013397605524054904,
      "f": 0.023579974847941262
    },
    "rouge-2": {
      "r": 0.004916666666666666,
      "p": 0.0005766914296673044,
      "f": 0.001002034322502524
    },
    "rouge-l": {
      "r": 0.12364166666666657,
      "p": 0.013224492179066558,
      "f": 0.023293093725108124
    }
  },
  "lemmatization_rouge": {
    "rouge-1": {
      "r": 0.15227499999999988,
      "p": 0.01590825847173244,
      "f": 0.0280543355640416
    },
    "rouge-2": {
      "r": 0.006999999999999999,
      "p": 0.000696184757047592,
      "f": 0.001229679891802987
    },
    "rouge-l": {
      "r": 0.1499541666666665,
      "p": 0.015511767295210307,
      "f": 0.027383969257119726
    }
  },
  "wups": 0.25318587959370664,
  "max_wups": 0.29785620943912017,
  "meteor": 0.06064522771947785
}