{
  "rouge": {
    "rouge-1": {
      "r": 0.21138306924426037,
      "p": 0.03679103237440879,
      "f": 0.060151488391222065
    },
    "rouge-2": {
      "r": 0.03072461061129616,
      "p": 0.004789521988168719,
      "f": 0.007930548068317243
    },
    "rouge-l": {
      "r": 0.20313067480206434,
      "p": 0.03491405309275217,
      "f": 0.0571662094173127
    }
  },
  "lemmatization_rouge": {
    "rouge-1": {
      "r": 0.2624007720325011,
      "p": 0.04403048440877563,
      "f": 0.07241450951332806
    },
    "rouge-2": {
      "r": 0.0441682491257562,
      "p": 0.0063173419031263426,
      "f": 0.010604509869403993
    },
    "rouge-l": {
      "r": 0.25046565804356297,
      "p": 0.04142497386000187,
      "f": 0.0682351070021384
    }
  },
  "wups": 0.11682249870247242,
  "max_wups": 0.15127799648020127,
  "meteor": 0.10441335311772863
}