{
  "rouge": {
    "rouge-1": {
      "r": 0.303037748835038,
      "p": 0.4298323417175182,
      "f": 0.3328992765835499
    },
    "rouge-2": {
      "r": 0.11483221618379426,
      "p": 0.15800649715427523,
      "f": 0.12088376331693221
    },
    "rouge-l": {
      "r": 0.27186232083050316,
      "p": 0.38440901797929233,
      "f": 0.2979838733810314
    }
  },
  "lemmatization_rouge": {
    "rouge-1": {
      "r": 0.3504022411146836,
      "p": 0.4940905375612578,
      "f": 0.38569910734462054
    },
    "rouge-2": {
      "r": 0.1341807419353526,
      "p": 0.18713949022498708,
      "f": 0.14209668305286496
    },
    "rouge-l": {
      "r": 0.3090545275236951,
      "p": 0.4353621862697272,
      "f": 0.33966467011801554
    }
  },
  "wups": 0.0,
  "max_wups": 0.0,
  "meteor": 0.2554264318792218
}