{
  "rouge": {
    "rouge-1": {
      "r": 0.1235874999999998,
      "p": 0.014276727124085726,
      "f": 0.024890987208706413
    },
    "rouge-2": {
      "r": 0.005708333333333334,
      "p": 0.0005689914467851482,
      "f": 0.0010086919300127898
    },
    "rouge-l": {
      "r": 0.12306666666666646,
      "p": 0.014203040232811628,
      "f": 0.02477206401787311
    }
  },
  "lemmatization_rouge": {
    "rouge-1": {
      "r": 0.1561375,
      "p": 0.01683706752089263,
      "f": 0.029543487550225875
    },
    "rouge-2": {
      "r": 0.010166666666666666,
      "p": 0.0008733916083248605,
      "f": 0.0015708608018707233
    },
    "rouge-l": {
      "r": 0.1547208333333333,
      "p": 0.016659482196182736,
      "f": 0.02924177615148302
    }
  },
  "wups": 0.3032989751427291,
  "max_wups": 0.3489134492305957,
  "meteor": 0.07227509238564656
}