{
  "rouge": {
    "rouge-1": {
      "r": 0.3620703063903395,
      "p": 0.19911461855108042,
      "f": 0.23532532451739924
    },
    "rouge-2": {
      "r": 0.2073643702327363,
      "p": 0.10715861433606072,
      "f": 0.1286342460455482
    },
    "rouge-l": {
      "r": 0.34797053852524734,
      "p": 0.1885745916640466,
      "f": 0.2242717284371965
    }
  },
  "lemmatization_rouge": {
    "rouge-1": {
      "r": 0.4768086465110787,
      "p": 0.23318094639088496,
      "f": 0.2807853883279313
    },
    "rouge-2": {
      "r": 0.23239510236797598,
      "p": 0.11542723125547356,
      "f": 0.1403705991139381
    },
    "rouge-l": {
      "r": 0.4531434415849652,
      "p": 0.21823549793595648,
      "f": 0.2641209092561653
    }
  },
  "wups": 0.06246282977911374,
  "max_wups": 0.07108793532555385,
  "meteor": 0.3188767533980011
}