{
  "rouge": {
    "rouge-1": {
      "r": 0.3534564921520287,
      "p": 0.419940098358637,
      "f": 0.3621193990219636
    },
    "rouge-2": {
      "r": 0.16986702888230246,
      "p": 0.19550131263386805,
      "f": 0.16857486690155077
    },
    "rouge-l": {
      "r": 0.32307971843527866,
      "p": 0.3831059035950327,
      "f": 0.3306436859795559
    }
  },
  "lemmatization_rouge": {
    "rouge-1": {
      "r": 0.3976433361673473,
      "p": 0.47027749047253553,
      "f": 0.4078509366634727
    },
    "rouge-2": {
      "r": 0.18736084108604362,
      "p": 0.21586309673672197,
      "f": 0.18552769924492551
    },
    "rouge-l": {
      "r": 0.35813641972511556,
      "p": 0.4227784903866353,
      "f": 0.36705293240984327
    }
  },
  "wups": 0.0,
  "max_wups": 0.0,
  "meteor": 0.303779671963463
}