{
  "rouge": {
    "rouge-1": {
      "r": 0.296038404466167,
      "p": 0.03524449600189993,
      "f": 0.060025372594548876
    },
    "rouge-2": {
      "r": 0.05265697475329206,
      "p": 0.004980210231518664,
      "f": 0.008678725655505596
    },
    "rouge-l": {
      "r": 0.28676208116718077,
      "p": 0.033726038760673614,
      "f": 0.0575442040926197
    }
  },
  "lemmatization_rouge": {
    "rouge-1": {
      "r": 0.36896979319075635,
      "p": 0.04252509703181643,
      "f": 0.07288624441745048
    },
    "rouge-2": {
      "r": 0.07336591642540642,
      "p": 0.006458809311075589,
      "f": 0.011345435503472976
    },
    "rouge-l": {
      "r": 0.35573472797268835,
      "p": 0.040414047923286255,
      "f": 0.06940404323367672
    }
  },
  "wups": 0.1790841804121439,
  "max_wups": 0.2251411205168444,
  "meteor": 0.10688317898148765
}