{
  "rouge": {
    "rouge-1": {
      "r": 0.37250133009044617,
      "p": 0.031817489269966984,
      "f": 0.05799807007538742
    },
    "rouge-2": {
      "r": 0.0001520103367028958,
      "p": 1.0556273382145542e-05,
      "f": 1.9693646676563236e-05
    },
    "rouge-l": {
      "r": 0.37250133009044617,
      "p": 0.031817489269966984,
      "f": 0.05799807007538742
    }
  },
  "lemmatization_rouge": {
    "rouge-1": {
      "r": 0.45040662765068024,
      "p": 0.03666368697024016,
      "f": 0.0670487783873939
    },
    "rouge-2": {
      "r": 0.0001520103367028958,
      "p": 1.0334036047784581e-05,
      "f": 1.929361947830322e-05
    },
    "rouge-l": {
      "r": 0.45040662765068024,
      "p": 0.03666368697024016,
      "f": 0.0670487783873939
    }
  },
  "wups": 0.5092047158154099,
  "max_wups": 0.5636746273006585,
  "meteor": 0.09378517920933097
}