{
  "rouge": {
    "rouge-1": {
      "r": 0.34697291767988764,
      "p": 0.03322195270802087,
      "f": 0.058388440651497155
    },
    "rouge-2": {
      "r": 0.005341956206971157,
      "p": 0.0007984914031711821,
      "f": 0.001330958927144328
    },
    "rouge-l": {
      "r": 0.34540044060548936,
      "p": 0.032871738893440014,
      "f": 0.057828404878738124
    }
  },
  "lemmatization_rouge": {
    "rouge-1": {
      "r": 0.3957230663873197,
      "p": 0.037925150687857186,
      "f": 0.06665704852452833
    },
    "rouge-2": {
      "r": 0.009916535834946776,
      "p": 0.0013105087196009265,
      "f": 0.00222171134662317
    },
    "rouge-l": {
      "r": 0.3927670708426886,
      "p": 0.0373109492903935,
      "f": 0.0656669641467855
    }
  },
  "wups": 0.37435638707699126,
  "max_wups": 0.4380138201800619,
  "meteor": 0.08544116081816272
}