{
  "rouge": {
    "rouge-1": {
      "r": 0.2320896444706884,
      "p": 0.015963576063069987,
      "f": 0.02950565456520839
    },
    "rouge-2": {
      "r": 0.00021971683992254981,
      "p": 1.5864071356305738e-05,
      "f": 2.9220489140734123e-05
    },
    "rouge-l": {
      "r": 0.2320896444706884,
      "p": 0.015963576063069987,
      "f": 0.02950565456520839
    }
  },
  "lemmatization_rouge": {
    "rouge-1": {
      "r": 0.33088669477211247,
      "p": 0.020889111494357078,
      "f": 0.038806487895763214
    },
    "rouge-2": {
      "r": 0.00023344914241770918,
      "p": 1.6376731026351327e-05,
      "f": 3.0226478778466144e-05
    },
    "rouge-l": {
      "r": 0.33088669477211247,
      "p": 0.020889111494357078,
      "f": 0.038806487895763214
    }
  },
  "wups": 0.3880459662100474,
  "max_wups": 0.4588401193744458,
  "meteor": 0.05784160713807196
}