{
  "rouge": {
    "rouge-1": {
      "r": 0.22741005218346608,
      "p": 0.015553053374349222,
      "f": 0.02875118263470619
    },
    "rouge-2": {
      "r": 0.0,
      "p": 0.0,
      "f": 0.0
    },
    "rouge-l": {
      "r": 0.22741005218346608,
      "p": 0.015553053374349222,
      "f": 0.02875118263470619
    }
  },
  "lemmatization_rouge": {
    "rouge-1": {
      "r": 0.3272452622905795,
      "p": 0.02051715049176556,
      "f": 0.038131526358621805
    },
    "rouge-2": {
      "r": 0.0,
      "p": 0.0,
      "f": 0.0
    },
    "rouge-l": {
      "r": 0.3272452622905795,
      "p": 0.02051715049176556,
      "f": 0.038131526358621805
    }
  },
  "wups": 0.3874131626154211,
  "max_wups": 0.45829391458525753,
  "meteor": 0.05686164216993907
}