{
  "rouge": {
    "rouge-1": {
      "r": 0.3665399239543726,
      "p": 0.0320363289812815,
      "f": 0.058285329284553336
    },
    "rouge-2": {
      "r": 0.0,
      "p": 0.0,
      "f": 0.0
    },
    "rouge-l": {
      "r": 0.3665399239543726,
      "p": 0.0320363289812815,
      "f": 0.058285329284553336
    }
  },
  "lemmatization_rouge": {
    "rouge-1": {
      "r": 0.45019011406844106,
      "p": 0.0371643100590226,
      "f": 0.06787059739956693
    },
    "rouge-2": {
      "r": 0.0,
      "p": 0.0,
      "f": 0.0
    },
    "rouge-l": {
      "r": 0.45019011406844106,
      "p": 0.0371643100590226,
      "f": 0.06787059739956693
    }
  },
  "wups": 0.5103093690486041,
  "max_wups": 0.5652184841922607,
  "meteor": 0.09510474043003335
}