{
  "rouge": {
    "rouge-1": {
      "r": 0.344242256125752,
      "p": 0.03274234473317819,
      "f": 0.05756737811618753
    },
    "rouge-2": {
      "r": 0.0050429958391123445,
      "p": 0.0007888687632125079,
      "f": 0.0012950699497396908
    },
    "rouge-l": {
      "r": 0.34280166435506304,
      "p": 0.03239960777803253,
      "f": 0.057035843752851076
    }
  },
  "lemmatization_rouge": {
    "rouge-1": {
      "r": 0.3935663430420716,
      "p": 0.037714721895711484,
      "f": 0.06628453731412447
    },
    "rouge-2": {
      "r": 0.009163199260286638,
      "p": 0.001312547370928172,
      "f": 0.0021899700261495338
    },
    "rouge-l": {
      "r": 0.3903125288950536,
      "p": 0.03701100224529598,
      "f": 0.0651640836277495
    }
  },
  "wups": 0.3727059275058079,
  "max_wups": 0.43892056791883494,
  "meteor": 0.0835887438136188
}