{
  "rouge": {
    "rouge-1": {
      "r": 0.3626271110857446,
      "p": 0.47412644124495174,
      "f": 0.38754240365310677
    },
    "rouge-2": {
      "r": 0.17808643772094926,
      "p": 0.2157125383259027,
      "f": 0.18069910923591065
    },
    "rouge-l": {
      "r": 0.3327941903351714,
      "p": 0.43678764105286993,
      "f": 0.3562876633611571
    }
  },
  "lemmatization_rouge": {
    "rouge-1": {
      "r": 0.40023808061446686,
      "p": 0.5232241929549272,
      "f": 0.42914048046941944
    },
    "rouge-2": {
      "r": 0.19340307836892467,
      "p": 0.238380037419644,
      "f": 0.19748236043058565
    },
    "rouge-l": {
      "r": 0.3636200861168936,
      "p": 0.47761925645298614,
      "f": 0.39059674074221273
    }
  },
  "wups": 0.0,
  "max_wups": 0.0,
  "meteor": 0.30995309234181745
}