{
  "rouge": {
    "rouge-1": {
      "r": 0.12105416666666645,
      "p": 0.014121976189253477,
      "f": 0.024628433108198095
    },
    "rouge-2": {
      "r": 0.0095,
      "p": 0.0008670430182529438,
      "f": 0.001530148473644366
    },
    "rouge-l": {
      "r": 0.1203249999999998,
      "p": 0.01401284989402599,
      "f": 0.024443803672215804
    }
  },
  "lemmatization_rouge": {
    "rouge-1": {
      "r": 0.13792916666666644,
      "p": 0.015895520461421245,
      "f": 0.027732159676323056
    },
    "rouge-2": {
      "r": 0.012333333333333333,
      "p": 0.0011707474672149486,
      "f": 0.002054458134393815
    },
    "rouge-l": {
      "r": 0.13669999999999982,
      "p": 0.015682416679238507,
      "f": 0.02737616790949369
    }
  },
  "wups": 0.21930524821021846,
  "max_wups": 0.2643850096712005,
  "meteor": 0.05621866874169225
}