{
  "rouge": {
    "rouge-1": {
      "r": 0.2797904409094216,
      "p": 0.04322991280645766,
      "f": 0.07223423155642754
    },
    "rouge-2": {
      "r": 0.052461372433043815,
      "p": 0.006393986996369101,
      "f": 0.011029079825278237
    },
    "rouge-l": {
      "r": 0.27014885492222684,
      "p": 0.04123727062901704,
      "f": 0.06903405742831466
    }
  },
  "lemmatization_rouge": {
    "rouge-1": {
      "r": 0.32175362409073427,
      "p": 0.049016743638919495,
      "f": 0.08202982855463775
    },
    "rouge-2": {
      "r": 0.06484450393798834,
      "p": 0.007555957391203363,
      "f": 0.01308006882654806
    },
    "rouge-l": {
      "r": 0.30899225892143733,
      "p": 0.0464093718617571,
      "f": 0.07784112417596488
    }
  },
  "wups": 0.14026132242176337,
  "max_wups": 0.17011886461351644,
  "meteor": 0.11099492365979542
}