{
  "rouge": {
    "rouge-1": {
      "r": 0.3549709061873325,
      "p": 0.24210153675923796,
      "f": 0.26700428832504364
    },
    "rouge-2": {
      "r": 0.19612429391943342,
      "p": 0.13717967794254782,
      "f": 0.15211118019180192
    },
    "rouge-l": {
      "r": 0.3399746719239355,
      "p": 0.2318503709476907,
      "f": 0.25611991474984674
    }
  },
  "lemmatization_rouge": {
    "rouge-1": {
      "r": 0.4457980335356917,
      "p": 0.27297141816691245,
      "f": 0.30662342526318936
    },
    "rouge-2": {
      "r": 0.2169247746863182,
      "p": 0.14654032461988933,
      "f": 0.1633680694622061
    },
    "rouge-l": {
      "r": 0.4245242651402868,
      "p": 0.2575308748734634,
      "f": 0.290762530649123
    }
  },
  "wups": 0.0568619576237059,
  "max_wups": 0.06684234253367445,
  "meteor": 0.34998816546110906
}