{
  "rouge": {
    "rouge-1": {
      "r": 0.39522687542752905,
      "p": 0.038052700202193555,
      "f": 0.06902618413717818
    },
    "rouge-2": {
      "r": 0.0,
      "p": 0.0,
      "f": 0.0
    },
    "rouge-l": {
      "r": 0.39522687542752905,
      "p": 0.038052700202193555,
      "f": 0.06902618413717818
    }
  },
  "lemmatization_rouge": {
    "rouge-1": {
      "r": 0.4720681006308429,
      "p": 0.04455321882387912,
      "f": 0.08091973368513063
    },
    "rouge-2": {
      "r": 0.0,
      "p": 0.0,
      "f": 0.0
    },
    "rouge-l": {
      "r": 0.4720681006308429,
      "p": 0.04455321882387912,
      "f": 0.08091973368513063
    }
  },
  "wups": 0.5404879701717162,
  "max_wups": 0.6022084380596272,
  "meteor": 0.11424829110228264
}