{
  "rouge": {
    "rouge-1": {
      "r": 0.40231865434882036,
      "p": 0.4728515549028422,
      "f": 0.41411007189009474
    },
    "rouge-2": {
      "r": 0.2016084690940951,
      "p": 0.22796811674449344,
      "f": 0.20023173573763853
    },
    "rouge-l": {
      "r": 0.3692615544435004,
      "p": 0.4329641220410307,
      "f": 0.3796728684029811
    }
  },
  "lemmatization_rouge": {
    "rouge-1": {
      "r": 0.4435889314002019,
      "p": 0.5220148722851854,
      "f": 0.4583810632844158
    },
    "rouge-2": {
      "r": 0.2187833352875028,
      "p": 0.2505724327818703,
      "f": 0.21849581943280838
    },
    "rouge-l": {
      "r": 0.4018356515029376,
      "p": 0.4721633820723984,
      "f": 0.4149034720557531
    }
  },
  "wups": 0.0,
  "max_wups": 0.0,
  "meteor": 0.3462210272858705
}