{
  "rouge": {
    "rouge-1": {
      "r": 0.15481555666833594,
      "p": 0.017915084137087832,
      "f": 0.03136049863682659
    },
    "rouge-2": {
      "r": 0.009034384910699382,
      "p": 0.0009785254899963365,
      "f": 0.001726020042491653
    },
    "rouge-l": {
      "r": 0.15343849106993826,
      "p": 0.017632519739897552,
      "f": 0.030903740070407658
    }
  },
  "lemmatization_rouge": {
    "rouge-1": {
      "r": 0.17895593390085152,
      "p": 0.02049612432854985,
      "f": 0.03591158198534432
    },
    "rouge-2": {
      "r": 0.012790018360874645,
      "p": 0.0012073424326636628,
      "f": 0.0021539645521393386
    },
    "rouge-l": {
      "r": 0.17634785511600753,
      "p": 0.020011380951968707,
      "f": 0.035112000353322216
    }
  },
  "wups": 0.33578621841715856,
  "max_wups": 0.3697861936563406,
  "meteor": 0.08313556940952836
}