{
  "rouge": {
    "rouge-1": {
      "r": 0.2950969710176506,
      "p": 0.049750769081035096,
      "f": 0.08179351093176222
    },
    "rouge-2": {
      "r": 0.05758179497556271,
      "p": 0.00808764594936497,
      "f": 0.01370222541335358
    },
    "rouge-l": {
      "r": 0.28458892382405154,
      "p": 0.047316986320722454,
      "f": 0.07792166020084791
    }
  },
  "lemmatization_rouge": {
    "rouge-1": {
      "r": 0.355430428872355,
      "p": 0.05881762812997119,
      "f": 0.09709316612854028
    },
    "rouge-2": {
      "r": 0.0774009276842137,
      "p": 0.010372450158973708,
      "f": 0.0176801674873731
    },
    "rouge-l": {
      "r": 0.340404331268354,
      "p": 0.05543299797231595,
      "f": 0.09168095579612916
    }
  },
  "wups": 0.17965714079329964,
  "max_wups": 0.21674771220482403,
  "meteor": 0.13535913496854649
}