{
  "rouge": {
    "rouge-1": {
      "r": 0.3557989425933737,
      "p": 0.1916963387225758,
      "f": 0.2302227203957024
    },
    "rouge-2": {
      "r": 0.19074007437814477,
      "p": 0.09375588294326596,
      "f": 0.11542242602599873
    },
    "rouge-l": {
      "r": 0.3393300428904116,
      "p": 0.17997478839118783,
      "f": 0.2177981250853158
    }
  },
  "lemmatization_rouge": {
    "rouge-1": {
      "r": 0.4630946546687421,
      "p": 0.22185649600574914,
      "f": 0.270758465059303
    },
    "rouge-2": {
      "r": 0.21862141145268496,
      "p": 0.10575647100594186,
      "f": 0.13091347400141962
    },
    "rouge-l": {
      "r": 0.4364893000041822,
      "p": 0.2045295588985141,
      "f": 0.25188514835422793
    }
  },
  "wups": 0.057975653164221284,
  "max_wups": 0.07039140729640336,
  "meteor": 0.31408105003617104
}