{
  "rouge": {
    "rouge-1": {
      "r": 0.39923954372623577,
      "p": 0.18676915370719896,
      "f": 0.24344667680037577
    },
    "rouge-2": {
      "r": 0.0,
      "p": 0.0,
      "f": 0.0
    },
    "rouge-l": {
      "r": 0.39923954372623577,
      "p": 0.18676915370719896,
      "f": 0.24344667680037577
    }
  },
  "lemmatization_rouge": {
    "rouge-1": {
      "r": 0.48365019011406846,
      "p": 0.21436440438956647,
      "f": 0.28002057991163215
    },
    "rouge-2": {
      "r": 0.0,
      "p": 0.0,
      "f": 0.0
    },
    "rouge-l": {
      "r": 0.48365019011406846,
      "p": 0.21436440438956647,
      "f": 0.28002057991163215
    }
  },
  "wups": 0.5548656843544124,
  "max_wups": 0.5986560612903322,
  "meteor": 0.21441308670118037
}