{
  "rouge": {
    "rouge-1": {
      "r": 0.24430101620433947,
      "p": 0.10421774516664375,
      "f": 0.13853614801141206
    },
    "rouge-2": {
      "r": 0.0,
      "p": 0.0,
      "f": 0.0
    },
    "rouge-l": {
      "r": 0.24430101620433947,
      "p": 0.10421774516664375,
      "f": 0.13853614801141206
    }
  },
  "lemmatization_rouge": {
    "rouge-1": {
      "r": 0.3291678110409228,
      "p": 0.12611162114189703,
      "f": 0.1699415602140606
    },
    "rouge-2": {
      "r": 0.0,
      "p": 0.0,
      "f": 0.0
    },
    "rouge-l": {
      "r": 0.3291678110409228,
      "p": 0.12611162114189703,
      "f": 0.1699415602140606
    }
  },
  "wups": 0.39772682555591193,
  "max_wups": 0.4523685935420699,
  "meteor": 0.1437834250835074
}