{
  "rouge": {
    "rouge-1": {
      "r": 0.31960610263522926,
      "p": 0.17236646736526476,
      "f": 0.20228727490441473
    },
    "rouge-2": {
      "r": 0.0047831715210355985,
      "p": 0.002312697011726138,
      "f": 0.0030361198095941173
    },
    "rouge-l": {
      "r": 0.31923717059639434,
      "p": 0.17219635700097966,
      "f": 0.20205629484717
    }
  },
  "lemmatization_rouge": {
    "rouge-1": {
      "r": 0.35714100785945474,
      "p": 0.190746523145092,
      "f": 0.22522349060027946
    },
    "rouge-2": {
      "r": 0.011598705501618123,
      "p": 0.005171371239332406,
      "f": 0.006933094430266855
    },
    "rouge-l": {
      "r": 0.3563513638465098,
      "p": 0.19042708314604037,
      "f": 0.22478173965265213
    }
  },
  "wups": 0.42223811664818844,
  "max_wups": 0.4727439014150597,
  "meteor": 0.18535618186068706
}