{
  "rouge": {
    "rouge-1": {
      "r": 0.34051664197969894,
      "p": 0.04021857452228844,
      "f": 0.068751007725943
    },
    "rouge-2": {
      "r": 0.00320232593833619,
      "p": 0.0007962477907785538,
      "f": 0.0012290741420233392
    },
    "rouge-l": {
      "r": 0.3391910654725777,
      "p": 0.03981020362786474,
      "f": 0.06814647195322973
    }
  },
  "lemmatization_rouge": {
    "rouge-1": {
      "r": 0.37809884713986286,
      "p": 0.045599255139220564,
      "f": 0.07760775129435366
    },
    "rouge-2": {
      "r": 0.0061052645204717,
      "p": 0.0013746379557687662,
      "f": 0.002161865824332123
    },
    "rouge-l": {
      "r": 0.37558109933164296,
      "p": 0.04486239621419075,
      "f": 0.07650405508599657
    }
  },
  "wups": 0.3774132215321151,
  "max_wups": 0.4318504094265583,
  "meteor": 0.09726163151943787
}