{
  "rouge": {
    "rouge-1": {
      "r": 0.17837574326087255,
      "p": 0.014066126092723799,
      "f": 0.02563908663713746
    },
    "rouge-2": {
      "r": 0.00013732302495159362,
      "p": 1.4170706145467788e-05,
      "f": 2.4921752150456587e-05
    },
    "rouge-l": {
      "r": 0.17837574326087255,
      "p": 0.014066126092723799,
      "f": 0.02563908663713746
    }
  },
  "lemmatization_rouge": {
    "rouge-1": {
      "r": 0.2524752475247525,
      "p": 0.020395626530565696,
      "f": 0.03701332916511914
    },
    "rouge-2": {
      "r": 0.00013732302495159362,
      "p": 1.3862134905916718e-05,
      "f": 2.4370669582231466e-05
    },
    "rouge-l": {
      "r": 0.2524752475247525,
      "p": 0.020395626530565696,
      "f": 0.03701332916511914
    }
  },
  "wups": 0.31720587634576347,
  "max_wups": 0.3782653646762412,
  "meteor": 0.055820953258214207
}