{
  "rouge": {
    "rouge-1": {
      "r": 0.34513946948392493,
      "p": 0.027266881476626963,
      "f": 0.049685735271458926
    },
    "rouge-2": {
      "r": 0.0,
      "p": 0.0,
      "f": 0.0
    },
    "rouge-l": {
      "r": 0.34513946948392493,
      "p": 0.027266881476626963,
      "f": 0.049685735271458926
    }
  },
  "lemmatization_rouge": {
    "rouge-1": {
      "r": 0.4350535836436878,
      "p": 0.03427600513460789,
      "f": 0.062394302654019684
    },
    "rouge-2": {
      "r": 0.0,
      "p": 0.0,
      "f": 0.0
    },
    "rouge-l": {
      "r": 0.4350535836436878,
      "p": 0.03427600513460789,
      "f": 0.062394302654019684
    }
  },
  "wups": 0.5043068829886413,
  "max_wups": 0.5555752050719872,
  "meteor": 0.08712894627949447
}