{
  "rouge": {
    "rouge-1": {
      "r": 0.3467680608365019,
      "p": 0.02863569774553697,
      "f": 0.051953191555542275
    },
    "rouge-2": {
      "r": 0.0,
      "p": 0.0,
      "f": 0.0
    },
    "rouge-l": {
      "r": 0.3467680608365019,
      "p": 0.02863569774553697,
      "f": 0.051953191555542275
    }
  },
  "lemmatization_rouge": {
    "rouge-1": {
      "r": 0.44106463878326996,
      "p": 0.03581386004733913,
      "f": 0.06497267982260058
    },
    "rouge-2": {
      "r": 0.0,
      "p": 0.0,
      "f": 0.0
    },
    "rouge-l": {
      "r": 0.44106463878326996,
      "p": 0.03581386004733913,
      "f": 0.06497267982260058
    }
  },
  "wups": 0.5027359636005543,
  "max_wups": 0.5611641523472319,
  "meteor": 0.09041342909656802
}