{
  "rouge": {
    "rouge-1": {
      "r": 0.1778357594067564,
      "p": 0.013854055773621338,
      "f": 0.025275282255969634
    },
    "rouge-2": {
      "r": 0.0,
      "p": 0.0,
      "f": 0.0
    },
    "rouge-l": {
      "r": 0.1778357594067564,
      "p": 0.013854055773621338,
      "f": 0.025275282255969634
    }
  },
  "lemmatization_rouge": {
    "rouge-1": {
      "r": 0.2518538862949739,
      "p": 0.020154665049279156,
      "f": 0.03662787034018056
    },
    "rouge-2": {
      "r": 0.0,
      "p": 0.0,
      "f": 0.0
    },
    "rouge-l": {
      "r": 0.2518538862949739,
      "p": 0.020154665049279156,
      "f": 0.03662787034018056
    }
  },
  "wups": 0.3219540226554241,
  "max_wups": 0.38426096167453494,
  "meteor": 0.055382935120821535
}