{
  "rouge": {
    "rouge-1": {
      "r": 0.33707905686546535,
      "p": 0.03946892627700574,
      "f": 0.067733254345024
    },
    "rouge-2": {
      "r": 0.0020841423948220065,
      "p": 0.0003597136297088158,
      "f": 0.000600137585337806
    },
    "rouge-l": {
      "r": 0.3362246879334266,
      "p": 0.039225864521297074,
      "f": 0.06737522478653757
    }
  },
  "lemmatization_rouge": {
    "rouge-1": {
      "r": 0.37273046694405954,
      "p": 0.0447079285382323,
      "f": 0.07634649654404456
    },
    "rouge-2": {
      "r": 0.005272306981044845,
      "p": 0.0009357866282991777,
      "f": 0.0015266842030606123
    },
    "rouge-l": {
      "r": 0.37058437355524787,
      "p": 0.04416194454770532,
      "f": 0.07551087344291901
    }
  },
  "wups": 0.3732787804623863,
  "max_wups": 0.43034643451744875,
  "meteor": 0.09458118115702327
}