{
  "rouge": {
    "rouge-1": {
      "r": 0.19271913321706652,
      "p": 0.015511745813079621,
      "f": 0.028287612745371622
    },
    "rouge-2": {
      "r": 4.119690748547809e-05,
      "p": 3.0834803771182014e-06,
      "f": 5.706930854248415e-06
    },
    "rouge-l": {
      "r": 0.19271913321706652,
      "p": 0.015511745813079621,
      "f": 0.028287612745371622
    }
  },
  "lemmatization_rouge": {
    "rouge-1": {
      "r": 0.2697024210049299,
      "p": 0.021268963722935744,
      "f": 0.038895163004512734
    },
    "rouge-2": {
      "r": 4.119690748547809e-05,
      "p": 3.0834803771182014e-06,
      "f": 5.706930854248415e-06
    },
    "rouge-l": {
      "r": 0.2697024210049299,
      "p": 0.021268963722935744,
      "f": 0.038895163004512734
    }
  },
  "wups": 0.3394518066078519,
  "max_wups": 0.41065147849747397,
  "meteor": 0.06277973735256011
}