{
  "rouge": {
    "rouge-1": {
      "r": 0.30341263205898,
      "p": 0.027367012754474344,
      "f": 0.049417441274605775
    },
    "rouge-2": {
      "r": 0.0,
      "p": 0.0,
      "f": 0.0
    },
    "rouge-l": {
      "r": 0.30341263205898,
      "p": 0.027367012754474344,
      "f": 0.049417441274605775
    }
  },
  "lemmatization_rouge": {
    "rouge-1": {
      "r": 0.3753135213194497,
      "p": 0.03347831467523772,
      "f": 0.0605486958913488
    },
    "rouge-2": {
      "r": 0.0,
      "p": 0.0,
      "f": 0.0
    },
    "rouge-l": {
      "r": 0.3753135213194497,
      "p": 0.03347831467523772,
      "f": 0.0605486958913488
    }
  },
  "wups": 0.45051896292039745,
  "max_wups": 0.5163658292724805,
  "meteor": 0.08951467609911881
}