{
  "rouge": {
    "rouge-1": {
      "r": 0.22788799249842737,
      "p": 0.02628165200240049,
      "f": 0.044853611068580386
    },
    "rouge-2": {
      "r": 0.0028975174176556874,
      "p": 0.000729544963369463,
      "f": 0.0011175636028392072
    },
    "rouge-l": {
      "r": 0.2269944533528585,
      "p": 0.026016785025401824,
      "f": 0.044457301809338955
    }
  },
  "lemmatization_rouge": {
    "rouge-1": {
      "r": 0.2739967393334728,
      "p": 0.032727842108285235,
      "f": 0.05560356067128966
    },
    "rouge-2": {
      "r": 0.0059919139909041606,
      "p": 0.0012803459553318935,
      "f": 0.002018771573655616
    },
    "rouge-l": {
      "r": 0.27213622052437675,
      "p": 0.032212415885495796,
      "f": 0.05481686461276612
    }
  },
  "wups": 0.2979571801155908,
  "max_wups": 0.36501435913273667,
  "meteor": 0.07674549063835916
}