{
  "rouge": {
    "rouge-1": {
      "r": 0.23615996301433265,
      "p": 0.02638049693615355,
      "f": 0.04529740061230098
    },
    "rouge-2": {
      "r": 0.0033564493758668516,
      "p": 0.0007459780950327705,
      "f": 0.0011643996785767393
    },
    "rouge-l": {
      "r": 0.2350596393897372,
      "p": 0.026089634299202965,
      "f": 0.04485270152054307
    }
  },
  "lemmatization_rouge": {
    "rouge-1": {
      "r": 0.27973925104022235,
      "p": 0.03250370041711103,
      "f": 0.05545694787500623
    },
    "rouge-2": {
      "r": 0.006864539990753582,
      "p": 0.0012300149002385271,
      "f": 0.0019917791451198553
    },
    "rouge-l": {
      "r": 0.2776098012020349,
      "p": 0.03195338988621799,
      "f": 0.054602695855254776
    }
  },
  "wups": 0.3050478803645523,
  "max_wups": 0.374478448626047,
  "meteor": 0.07718747084075643
}