{
  "rouge": {
    "rouge-1": {
      "r": 0.3026615969581749,
      "p": 0.02756607404268886,
      "f": 0.049561670060056996
    },
    "rouge-2": {
      "r": 0.0,
      "p": 0.0,
      "f": 0.0
    },
    "rouge-l": {
      "r": 0.3026615969581749,
      "p": 0.02756607404268886,
      "f": 0.049561670060056996
    }
  },
  "lemmatization_rouge": {
    "rouge-1": {
      "r": 0.3832699619771863,
      "p": 0.03400231810318726,
      "f": 0.06137614128224369
    },
    "rouge-2": {
      "r": 0.0,
      "p": 0.0,
      "f": 0.0
    },
    "rouge-l": {
      "r": 0.3832699619771863,
      "p": 0.03400231810318726,
      "f": 0.06137614128224369
    }
  },
  "wups": 0.46318005117816863,
  "max_wups": 0.5333154608145548,
  "meteor": 0.09114432393461702
}