{
  "rouge": {
    "rouge-1": {
      "r": 0.18895907717659985,
      "p": 0.014869124853840227,
      "f": 0.027186631057307096
    },
    "rouge-2": {
      "r": 0.0,
      "p": 0.0,
      "f": 0.0
    },
    "rouge-l": {
      "r": 0.18895907717659985,
      "p": 0.014869124853840227,
      "f": 0.027186631057307096
    }
  },
  "lemmatization_rouge": {
    "rouge-1": {
      "r": 0.2683328755836309,
      "p": 0.020739771779859736,
      "f": 0.03801954060928438
    },
    "rouge-2": {
      "r": 0.0,
      "p": 0.0,
      "f": 0.0
    },
    "rouge-l": {
      "r": 0.2683328755836309,
      "p": 0.020739771779859736,
      "f": 0.03801954060928438
    }
  },
  "wups": 0.33773644282134446,
  "max_wups": 0.411192452086975,
  "meteor": 0.061335751685883746
}