{
  "rouge": {
    "rouge-1": {
      "r": 0.4028927224872324,
      "p": 0.4743360397688797,
      "f": 0.4147798661740709
    },
    "rouge-2": {
      "r": 0.20450827183147632,
      "p": 0.22948255536904302,
      "f": 0.2016383961473119
    },
    "rouge-l": {
      "r": 0.371330080210363,
      "p": 0.43527454003771676,
      "f": 0.38140437228797686
    }
  },
  "lemmatization_rouge": {
    "rouge-1": {
      "r": 0.4437623154631365,
      "p": 0.5247157680542848,
      "f": 0.45945840408446625
    },
    "rouge-2": {
      "r": 0.22078407994434796,
      "p": 0.251792627347009,
      "f": 0.21953411721012236
    },
    "rouge-l": {
      "r": 0.4022066478158283,
      "p": 0.47414898794781,
      "f": 0.41577974029303305
    }
  },
  "wups": 0.0,
  "max_wups": null,
  "meteor": 0.34541683182624805
}