{
  "rouge": {
    "rouge-1": {
      "r": 0.14409166666666656,
      "p": 0.016075273084869904,
      "f": 0.028279170069973963
    },
    "rouge-2": {
      "r": 0.0081875,
      "p": 0.0007164194883323228,
      "f": 0.0012933096091418581
    },
    "rouge-l": {
      "r": 0.14267499999999986,
      "p": 0.01582435712704605,
      "f": 0.02785996178839051
    }
  },
  "lemmatization_rouge": {
    "rouge-1": {
      "r": 0.16692500000000016,
      "p": 0.018564204466477455,
      "f": 0.03264911619474578
    },
    "rouge-2": {
      "r": 0.012229166666666668,
      "p": 0.0010993172123961743,
      "f": 0.0019767860889182668
    },
    "rouge-l": {
      "r": 0.16446666666666687,
      "p": 0.01814094233419072,
      "f": 0.031937495741101676
    }
  },
  "wups": 0.3285242284285375,
  "max_wups": null,
  "meteor": 0.07910257923480842
}