{
  "rouge": {
    "rouge-1": {
      "r": 0.29534601375961156,
      "p": 0.04872616052629398,
      "f": 0.08031991605197848
    },
    "rouge-2": {
      "r": 0.05708786020400755,
      "p": 0.007554092529820332,
      "f": 0.01289199997457519
    },
    "rouge-l": {
      "r": 0.28537911569073116,
      "p": 0.046417683299210005,
      "f": 0.07665965339552622
    }
  },
  "lemmatization_rouge": {
    "rouge-1": {
      "r": 0.3568919984642363,
      "p": 0.05760748311176614,
      "f": 0.09538396606265818
    },
    "rouge-2": {
      "r": 0.07667092114684175,
      "p": 0.009539596557009072,
      "f": 0.016409601041262798
    },
    "rouge-l": {
      "r": 0.3412484823957916,
      "p": 0.054121270415479615,
      "f": 0.08982594408285978
    }
  },
  "wups": 0.17596453796626255,
  "max_wups": null,
  "meteor": 0.13159916610893624
}