{
  "rouge": {
    "rouge-1": {
      "r": 0.34795088811057817,
      "p": 0.1982656798521536,
      "f": 0.23331914820265573
    },
    "rouge-2": {
      "r": 0.19312174619899283,
      "p": 0.10014795292537117,
      "f": 0.12028258867295537
    },
    "rouge-l": {
      "r": 0.3321453787756003,
      "p": 0.18702340621601918,
      "f": 0.22109283870212532
    }
  },
  "lemmatization_rouge": {
    "rouge-1": {
      "r": 0.45554270125395935,
      "p": 0.23069468496874207,
      "f": 0.2758427269848906
    },
    "rouge-2": {
      "r": 0.21475405059292565,
      "p": 0.10957395846744131,
      "f": 0.1325738262707272
    },
    "rouge-l": {
      "r": 0.43011848388687896,
      "p": 0.21359383630958706,
      "f": 0.257053675537276
    }
  },
  "wups": 0.06895953147230353,
  "max_wups": null,
  "meteor": 0.30988979354145485
}