{
  "rouge": {
    "rouge-1": {
      "r": 0.31374921684273654,
      "p": 0.037327017573227976,
      "f": 0.06516933965301293
    },
    "rouge-2": {
      "r": 0.0038819292056702097,
      "p": 0.0007398000053108561,
      "f": 0.0012138775080950202
    },
    "rouge-l": {
      "r": 0.3126704042171609,
      "p": 0.03704933247870944,
      "f": 0.06473645959757221
    }
  },
  "lemmatization_rouge": {
    "rouge-1": {
      "r": 0.3584511541346117,
      "p": 0.043207585602131074,
      "f": 0.07517625298949383
    },
    "rouge-2": {
      "r": 0.009976898789848435,
      "p": 0.0015537823391363022,
      "f": 0.0026111017273069415
    },
    "rouge-l": {
      "r": 0.3557996382816581,
      "p": 0.04257937814212488,
      "f": 0.0741839253682118
    }
  },
  "wups": 0.3535281037227793,
  "max_wups": 0.4151292598520268,
  "meteor": 0.0981536110904612
}