{
  "rouge": {
    "rouge-1": {
      "r": 0.2330028425866165,
      "p": 0.019736145131348835,
      "f": 0.035902664327254835
    },
    "rouge-2": {
      "r": 0.00017851993243707173,
      "p": 6.947918226820243e-06,
      "f": 1.3073190039863696e-05
    },
    "rouge-l": {
      "r": 0.2330028425866165,
      "p": 0.019736145131348835,
      "f": 0.035902664327254835
    }
  },
  "lemmatization_rouge": {
    "rouge-1": {
      "r": 0.3290671646915038,
      "p": 0.025865797198390373,
      "f": 0.04734831059620651
    },
    "rouge-2": {
      "r": 0.00027464604990318724,
      "p": 1.1587481278572906e-05,
      "f": 2.1880846756544676e-05
    },
    "rouge-l": {
      "r": 0.3290671646915038,
      "p": 0.025865797198390373,
      "f": 0.04734831059620651
    }
  },
  "wups": 0.38891335201218796,
  "max_wups": 0.45878197996933673,
  "meteor": 0.07025093841368299
}