{
  "rouge": {
    "rouge-1": {
      "r": 0.3260621722277115,
      "p": 0.03379896733014561,
      "f": 0.060765754511275624
    },
    "rouge-2": {
      "r": 0.0,
      "p": 0.0,
      "f": 0.0
    },
    "rouge-l": {
      "r": 0.3260621722277115,
      "p": 0.03379896733014561,
      "f": 0.060765754511275624
    }
  },
  "lemmatization_rouge": {
    "rouge-1": {
      "r": 0.4094018393250741,
      "p": 0.040277407789401136,
      "f": 0.0726977749594843
    },
    "rouge-2": {
      "r": 7.60051683514479e-05,
      "p": 5.846551411649839e-06,
      "f": 1.0857881092240805e-05
    },
    "rouge-l": {
      "r": 0.4094018393250741,
      "p": 0.040277407789401136,
      "f": 0.0726977749594843
    }
  },
  "wups": 0.47188664045851886,
  "max_wups": 0.521275883042441,
  "meteor": 0.09815134210353639
}