{
  "rouge": {
    "rouge-1": {
      "r": 0.3133079847908745,
      "p": 0.03255632388896422,
      "f": 0.058565804038263135
    },
    "rouge-2": {
      "r": 0.0,
      "p": 0.0,
      "f": 0.0
    },
    "rouge-l": {
      "r": 0.3133079847908745,
      "p": 0.03255632388896422,
      "f": 0.058565804038263135
    }
  },
  "lemmatization_rouge": {
    "rouge-1": {
      "r": 0.4,
      "p": 0.0394170866164821,
      "f": 0.07115324552604985
    },
    "rouge-2": {
      "r": 0.0,
      "p": 0.0,
      "f": 0.0
    },
    "rouge-l": {
      "r": 0.4,
      "p": 0.0394170866164821,
      "f": 0.07115324552604985
    }
  },
  "wups": 0.467796803554243,
  "max_wups": 0.5199274745041025,
  "meteor": 0.09713837558666265
}