{
  "rouge": {
    "rouge-1": {
      "r": 0.23036253776435045,
      "p": 0.019487675463162466,
      "f": 0.035470402048432534
    },
    "rouge-2": {
      "r": 0.00013732491073880802,
      "p": 1.4304678201959169e-06,
      "f": 2.831441430509611e-06
    },
    "rouge-l": {
      "r": 0.23036253776435045,
      "p": 0.019487675463162466,
      "f": 0.035470402048432534
    }
  },
  "lemmatization_rouge": {
    "rouge-1": {
      "r": 0.3238121395221093,
      "p": 0.025440750616980465,
      "f": 0.04658377592933794
    },
    "rouge-2": {
      "r": 0.00027464982147761604,
      "p": 8.560878441560846e-06,
      "f": 1.6373354585321433e-05
    },
    "rouge-l": {
      "r": 0.3238121395221093,
      "p": 0.025440750616980465,
      "f": 0.04658377592933794
    }
  },
  "wups": 0.3850751650130057,
  "max_wups": 0.4542571215737663,
  "meteor": 0.06910914484332457
}