{
  "rouge": {
    "rouge-1": {
      "r": 0.3138291567113043,
      "p": 0.03711021071588793,
      "f": 0.06486506743443385
    },
    "rouge-2": {
      "r": 0.00399974069752366,
      "p": 0.0007526860088895692,
      "f": 0.0012455587349266696
    },
    "rouge-l": {
      "r": 0.3127336037487736,
      "p": 0.0368209020577825,
      "f": 0.06441687541773482
    }
  },
  "lemmatization_rouge": {
    "rouge-1": {
      "r": 0.36017021355411094,
      "p": 0.04316162998016463,
      "f": 0.07517309207660118
    },
    "rouge-2": {
      "r": 0.012015891537478467,
      "p": 0.001767447066015891,
      "f": 0.0029928739647078657
    },
    "rouge-l": {
      "r": 0.3577392528384363,
      "p": 0.0425769214156011,
      "f": 0.07424607194841155
    }
  },
  "wups": 0.3563325055216003,
  "max_wups": 0.41747122148172255,
  "meteor": 0.09796779545248933
}