{
  "rouge": {
    "rouge-1": {
      "r": 0.3870722433460076,
      "p": 0.03993638977728819,
      "f": 0.07191686458574609
    },
    "rouge-2": {
      "r": 0.0,
      "p": 0.0,
      "f": 0.0
    },
    "rouge-l": {
      "r": 0.3870722433460076,
      "p": 0.03993638977728819,
      "f": 0.07191686458574609
    }
  },
  "lemmatization_rouge": {
    "rouge-1": {
      "r": 0.46387832699619774,
      "p": 0.046753513145789016,
      "f": 0.08431813384878575
    },
    "rouge-2": {
      "r": 0.0,
      "p": 0.0,
      "f": 0.0
    },
    "rouge-l": {
      "r": 0.46387832699619774,
      "p": 0.046753513145789016,
      "f": 0.08431813384878575
    }
  },
  "wups": 0.5223039958053742,
  "max_wups": 0.5788811327953814,
  "meteor": 0.11438723292434311
}