{
  "rouge": {
    "rouge-1": {
      "r": 0.33930559408229355,
      "p": 0.043177146953327084,
      "f": 0.07456683872273907
    },
    "rouge-2": {
      "r": 0.004381877022653722,
      "p": 0.0008418430354466906,
      "f": 0.0013868436925529482
    },
    "rouge-l": {
      "r": 0.3381405455386043,
      "p": 0.04288456578816182,
      "f": 0.07410841927021757
    }
  },
  "lemmatization_rouge": {
    "rouge-1": {
      "r": 0.3863809523809526,
      "p": 0.050439429365740765,
      "f": 0.08664636689442355
    },
    "rouge-2": {
      "r": 0.011673601479426721,
      "p": 0.0019114062835244715,
      "f": 0.0031752650430435913
    },
    "rouge-l": {
      "r": 0.38410540915395314,
      "p": 0.04983555988665712,
      "f": 0.08571285108619583
    }
  },
  "wups": 0.3767215777200071,
  "max_wups": 0.44241962026239307,
  "meteor": 0.10926117538018823
}