{
  "rouge": {
    "rouge-1": {
      "r": 0.2600933809393024,
      "p": 0.021214696578723508,
      "f": 0.03880359262017411
    },
    "rouge-2": {
      "r": 0.00013732491073880802,
      "p": 5.281727336108001e-06,
      "f": 1.0172215512327407e-05
    },
    "rouge-l": {
      "r": 0.2600933809393024,
      "p": 0.021214696578723508,
      "f": 0.03880359262017411
    }
  },
  "lemmatization_rouge": {
    "rouge-1": {
      "r": 0.35525954408129634,
      "p": 0.02803233816012624,
      "f": 0.05140591901612299
    },
    "rouge-2": {
      "r": 0.00013732491073880802,
      "p": 5.492996429552321e-06,
      "f": 1.0563454570644322e-05
    },
    "rouge-l": {
      "r": 0.35525954408129634,
      "p": 0.02803233816012624,
      "f": 0.05140591901612299
    }
  },
  "wups": 0.4150229737789209,
  "max_wups": 0.4820567803572234,
  "meteor": 0.07663156529122139
}