{
  "rouge": {
    "rouge-1": {
      "r": 0.40078440927133163,
      "p": 0.4821899653920863,
      "f": 0.4175771865348749
    },
    "rouge-2": {
      "r": 0.20479171968950577,
      "p": 0.23579368653209648,
      "f": 0.20514728359513434
    },
    "rouge-l": {
      "r": 0.3690899730687406,
      "p": 0.4426281728924367,
      "f": 0.3838654524619737
    }
  },
  "lemmatization_rouge": {
    "rouge-1": {
      "r": 0.4411129958925642,
      "p": 0.5318486336906306,
      "f": 0.46152669910459587
    },
    "rouge-2": {
      "r": 0.22113265650960168,
      "p": 0.2587328407495657,
      "f": 0.2231919180785388
    },
    "rouge-l": {
      "r": 0.3999260302829297,
      "p": 0.48087808730645265,
      "f": 0.4177704590691552
    }
  },
  "wups": 0.0,
  "max_wups": 0.0,
  "meteor": 0.344406372550121
}