{
  "rouge": {
    "rouge-1": {
      "r": 0.15385833333333335,
      "p": 0.017844486766242503,
      "f": 0.03132039002792484
    },
    "rouge-2": {
      "r": 0.0071875,
      "p": 0.0007199791476010515,
      "f": 0.001290876275909141
    },
    "rouge-l": {
      "r": 0.1529208333333333,
      "p": 0.01765694894564017,
      "f": 0.031012248272879052
    }
  },
  "lemmatization_rouge": {
    "rouge-1": {
      "r": 0.17813750000000025,
      "p": 0.02033999016758422,
      "f": 0.03571536753125246
    },
    "rouge-2": {
      "r": 0.010854166666666666,
      "p": 0.000938222011769811,
      "f": 0.0016980093936327947
    },
    "rouge-l": {
      "r": 0.17613750000000022,
      "p": 0.01999560551492751,
      "f": 0.03513616161579028
    }
  },
  "wups": 0.3310539817739628,
  "max_wups": 0.36576268101275355,
  "meteor": 0.08153737102662127
}