{
  "rouge": {
    "rouge-1": {
      "r": 0.3752183956712814,
      "p": 0.20597137887772726,
      "f": 0.24518848164269005
    },
    "rouge-2": {
      "r": 0.20247573969608543,
      "p": 0.10461642862653578,
      "f": 0.12592081503541463
    },
    "rouge-l": {
      "r": 0.35854998215763595,
      "p": 0.19355822486247326,
      "f": 0.23210184876858175
    }
  },
  "lemmatization_rouge": {
    "rouge-1": {
      "r": 0.476242246879317,
      "p": 0.23580887733854494,
      "f": 0.2848519461920885
    },
    "rouge-2": {
      "r": 0.22753328744576187,
      "p": 0.11516647994462785,
      "f": 0.13976342462987854
    },
    "rouge-l": {
      "r": 0.45065077950198945,
      "p": 0.217884412488391,
      "f": 0.2654214027565917
    }
  },
  "wups": 0.07842632628838962,
  "max_wups": 0.08709853453440183,
  "meteor": 0.3321653095737144
}