{
  "rouge": {
    "rouge-1": {
      "r": 0.2970444333758787,
      "p": 0.04893115101871436,
      "f": 0.08079358042528977
    },
    "rouge-2": {
      "r": 0.06098849214996523,
      "p": 0.007855362371185852,
      "f": 0.013454038150699016
    },
    "rouge-l": {
      "r": 0.28666142639230563,
      "p": 0.04669462286626152,
      "f": 0.07719935015757028
    }
  },
  "lemmatization_rouge": {
    "rouge-1": {
      "r": 0.3540638068258463,
      "p": 0.05740156582581125,
      "f": 0.09512667182863796
    },
    "rouge-2": {
      "r": 0.08060787182600197,
      "p": 0.009979436468468678,
      "f": 0.017199890795407728
    },
    "rouge-l": {
      "r": 0.34022118108520427,
      "p": 0.0543962050895691,
      "f": 0.09030500215323856
    }
  },
  "wups": 0.17266782019889695,
  "max_wups": 0.20730250263879646,
  "meteor": 0.13147356505767352
}