{
  "rouge": {
    "rouge-1": {
      "r": 0.34044233882526564,
      "p": 0.22971903091442375,
      "f": 0.2519238697740025
    },
    "rouge-2": {
      "r": 0.189970629927037,
      "p": 0.131933316723178,
      "f": 0.14185868255695502
    },
    "rouge-l": {
      "r": 0.32676221634213415,
      "p": 0.219695604207619,
      "f": 0.24106336478208565
    }
  },
  "lemmatization_rouge": {
    "rouge-1": {
      "r": 0.439315056393478,
      "p": 0.2631842286178508,
      "f": 0.29559492154536543
    },
    "rouge-2": {
      "r": 0.21203773133501674,
      "p": 0.14155779237092644,
      "f": 0.15436739656223755
    },
    "rouge-l": {
      "r": 0.41965790679928133,
      "p": 0.24822558493527946,
      "f": 0.2799635962047362
    }
  },
  "wups": 0.060448809338539515,
  "max_wups": 0.0754714535250677,
  "meteor": 0.33961380227111476
}