{
  "rouge": {
    "rouge-1": {
      "r": 0.3612508307022736,
      "p": 0.5142773350944656,
      "f": 0.39693569949493
    },
    "rouge-2": {
      "r": 0.17566564502090232,
      "p": 0.23438785164211695,
      "f": 0.18391347211340858
    },
    "rouge-l": {
      "r": 0.3312895798345744,
      "p": 0.47225884096544984,
      "f": 0.3639995641785186
    }
  },
  "lemmatization_rouge": {
    "rouge-1": {
      "r": 0.39889469066069344,
      "p": 0.5667981085578417,
      "f": 0.4397948312601648
    },
    "rouge-2": {
      "r": 0.18966341707162754,
      "p": 0.25779935859209063,
      "f": 0.19991128079786316
    },
    "rouge-l": {
      "r": 0.3618090560771031,
      "p": 0.514923905711833,
      "f": 0.39887301258852587
    }
  },
  "wups": 0.0,
  "max_wups": 0.0,
  "meteor": 0.3041705938127932
}