{
  "rouge": {
    "rouge-1": {
      "r": 0.14901666666666655,
      "p": 0.017720064621165547,
      "f": 0.030960928688839127
    },
    "rouge-2": {
      "r": 0.007874999999999998,
      "p": 0.0007109848155358082,
      "f": 0.0012707509725312517
    },
    "rouge-l": {
      "r": 0.14774583333333316,
      "p": 0.017531331647150317,
      "f": 0.0306369003198651
    }
  },
  "lemmatization_rouge": {
    "rouge-1": {
      "r": 0.17367083333333347,
      "p": 0.02020878841858018,
      "f": 0.035326068425738565
    },
    "rouge-2": {
      "r": 0.012895833333333334,
      "p": 0.0010957526013811,
      "f": 0.0019693526826648163
    },
    "rouge-l": {
      "r": 0.17126666666666676,
      "p": 0.019837440207743893,
      "f": 0.034692483696115904
    }
  },
  "wups": 0.3134595554545936,
  "max_wups": 0.3564779204026919,
  "meteor": 0.07893070946725465
}