{
  "rouge": {
    "rouge-1": {
      "r": 0.3196344260083636,
      "p": 0.04066055266454767,
      "f": 0.06925537586400352
    },
    "rouge-2": {
      "r": 0.060156793159626056,
      "p": 0.006032807886887992,
      "f": 0.010465720379433812
    },
    "rouge-l": {
      "r": 0.3107887391173513,
      "p": 0.03903324995525876,
      "f": 0.0666162932489125
    }
  },
  "lemmatization_rouge": {
    "rouge-1": {
      "r": 0.37593287260425995,
      "p": 0.04701809199951586,
      "f": 0.08031070763413635
    },
    "rouge-2": {
      "r": 0.07696510288578262,
      "p": 0.007183981947653977,
      "f": 0.012546677922129101
    },
    "rouge-l": {
      "r": 0.36406546711079263,
      "p": 0.04496714166400562,
      "f": 0.0769518948292657
    }
  },
  "wups": 0.18254134093903113,
  "max_wups": 0.2233999990392012,
  "meteor": 0.1126889468620958
}