{
  "rouge": {
    "rouge-1": {
      "r": 0.29721513142193096,
      "p": 0.04963819251316029,
      "f": 0.0817461895961281
    },
    "rouge-2": {
      "r": 0.059955483609874585,
      "p": 0.008119112596137696,
      "f": 0.013812813810261736
    },
    "rouge-l": {
      "r": 0.2877971650634546,
      "p": 0.04751034431986779,
      "f": 0.07836976476003764
    }
  },
  "lemmatization_rouge": {
    "rouge-1": {
      "r": 0.3507730701781691,
      "p": 0.0579161350655562,
      "f": 0.09563854434573046
    },
    "rouge-2": {
      "r": 0.07799863026491911,
      "p": 0.009957451986481684,
      "f": 0.017062712210398283
    },
    "rouge-l": {
      "r": 0.33668243937365744,
      "p": 0.05474884036239112,
      "f": 0.09059835110808873
    }
  },
  "wups": 0.1697873778758925,
  "max_wups": null,
  "meteor": 0.13189060225918983
}