{
  "rouge": {
    "rouge-1": {
      "r": 0.389015760909497,
      "p": 0.4880051351361332,
      "f": 0.4115491688014397
    },
    "rouge-2": {
      "r": 0.1965438267092617,
      "p": 0.23556105280198422,
      "f": 0.19967534312664284
    },
    "rouge-l": {
      "r": 0.3580464851171006,
      "p": 0.4482751615352195,
      "f": 0.3784569134819888
    }
  },
  "lemmatization_rouge": {
    "rouge-1": {
      "r": 0.4271947638486025,
      "p": 0.5373110148643371,
      "f": 0.45426419244097344
    },
    "rouge-2": {
      "r": 0.21235234671437697,
      "p": 0.2587994785043113,
      "f": 0.2175327933601085
    },
    "rouge-l": {
      "r": 0.3879720700895686,
      "p": 0.4874024522328274,
      "f": 0.4122291661169446
    }
  },
  "wups": 0.0,
  "max_wups": null,
  "meteor": 0.33732614534762506
}