{
  "rouge": {
    "rouge-1": {
      "r": 0.14653749999999996,
      "p": 0.01779017574562201,
      "f": 0.031029670817293718
    },
    "rouge-2": {
      "r": 0.007020833333333332,
      "p": 0.00080272653019433,
      "f": 0.0014088771935358122
    },
    "rouge-l": {
      "r": 0.14505833333333326,
      "p": 0.01751457985458495,
      "f": 0.030571188551676686
    }
  },
  "lemmatization_rouge": {
    "rouge-1": {
      "r": 0.17227500000000023,
      "p": 0.020659269296128834,
      "f": 0.03601056871409483
    },
    "rouge-2": {
      "r": 0.010354166666666668,
      "p": 0.0010685431592861745,
      "f": 0.0018930822848412532
    },
    "rouge-l": {
      "r": 0.1698166666666669,
      "p": 0.020201050590814545,
      "f": 0.03524839660761691
    }
  },
  "wups": 0.31953841084948836,
  "max_wups": null,
  "meteor": 0.08217840559456466
}