{
  "rouge": {
    "rouge-1": {
      "r": 0.34243232588248507,
      "p": 0.20554896842203496,
      "f": 0.2374293107782709
    },
    "rouge-2": {
      "r": 0.18976969898768137,
      "p": 0.10242255441706798,
      "f": 0.12197013552303247
    },
    "rouge-l": {
      "r": 0.32924713379095816,
      "p": 0.1953728613440728,
      "f": 0.22679153111611344
    }
  },
  "lemmatization_rouge": {
    "rouge-1": {
      "r": 0.4484260553897188,
      "p": 0.24037124850173516,
      "f": 0.283027957086169
    },
    "rouge-2": {
      "r": 0.21402805480674889,
      "p": 0.11443035795618749,
      "f": 0.13662791761994722
    },
    "rouge-l": {
      "r": 0.4270706804555688,
      "p": 0.22425008261039422,
      "f": 0.2660817675787612
    }
  },
  "wups": 0.0632515129970361,
  "max_wups": null,
  "meteor": 0.3295100696527822
}