{
  "rouge": {
    "rouge-1": {
      "r": 0.39195477383218513,
      "p": 0.047761863814220595,
      "f": 0.08364996051341593
    },
    "rouge-2": {
      "r": 0.006153760094383758,
      "p": 0.0010790889692708458,
      "f": 0.0017865344415379986
    },
    "rouge-l": {
      "r": 0.3903679961881689,
      "p": 0.047373518336689215,
      "f": 0.08304074149861976
    }
  },
  "lemmatization_rouge": {
    "rouge-1": {
      "r": 0.4355643608847424,
      "p": 0.05323767868907909,
      "f": 0.09302745276987842
    },
    "rouge-2": {
      "r": 0.012087880082326884,
      "p": 0.0018610056393085152,
      "f": 0.003113468266360243
    },
    "rouge-l": {
      "r": 0.4325483276038666,
      "p": 0.05256924962266855,
      "f": 0.0919622860636807
    }
  },
  "wups": 0.4174956825279979,
  "max_wups": 0.47911326373321905,
  "meteor": 0.12064951021937109
}