{
  "rouge": {
    "rouge-1": {
      "r": 0.44657332350773765,
      "p": 0.04994459769911878,
      "f": 0.08912514908250649
    },
    "rouge-2": {
      "r": 0.0,
      "p": 0.0,
      "f": 0.0
    },
    "rouge-l": {
      "r": 0.44657332350773765,
      "p": 0.04994459769911878,
      "f": 0.08912514908250649
    }
  },
  "lemmatization_rouge": {
    "rouge-1": {
      "r": 0.52689756816507,
      "p": 0.05614492739354316,
      "f": 0.1005450144805637
    },
    "rouge-2": {
      "r": 0.0,
      "p": 0.0,
      "f": 0.0
    },
    "rouge-l": {
      "r": 0.52689756816507,
      "p": 0.05614492739354316,
      "f": 0.1005450144805637
    }
  },
  "wups": 0.575712618242141,
  "max_wups": 0.6240278695714759,
  "meteor": 0.1317573246366422
}