{
  "rouge": {
    "rouge-1": {
      "r": 0.2608395470864402,
      "p": 0.024448150593591296,
      "f": 0.04415702669129606
    },
    "rouge-2": {
      "r": 0.0,
      "p": 0.0,
      "f": 0.0
    },
    "rouge-l": {
      "r": 0.2608395470864402,
      "p": 0.024448150593591296,
      "f": 0.04415702669129606
    }
  },
  "lemmatization_rouge": {
    "rouge-1": {
      "r": 0.3726871030102182,
      "p": 0.031194470230361183,
      "f": 0.05678520688586347
    },
    "rouge-2": {
      "r": 0.0,
      "p": 0.0,
      "f": 0.0
    },
    "rouge-l": {
      "r": 0.3726871030102182,
      "p": 0.031194470230361183,
      "f": 0.05678520688586347
    }
  },
  "wups": 0.4243541916728975,
  "max_wups": 0.4835416335423331,
  "meteor": 0.07965050038808204
}