{
  "rouge": {
    "rouge-1": {
      "r": 0.417490494296578,
      "p": 0.04697006053093389,
      "f": 0.08385280188584292
    },
    "rouge-2": {
      "r": 0.0,
      "p": 0.0,
      "f": 0.0
    },
    "rouge-l": {
      "r": 0.417490494296578,
      "p": 0.04697006053093389,
      "f": 0.08385280188584292
    }
  },
  "lemmatization_rouge": {
    "rouge-1": {
      "r": 0.4973384030418251,
      "p": 0.0531403999423317,
      "f": 0.09524011721461702
    },
    "rouge-2": {
      "r": 0.0,
      "p": 0.0,
      "f": 0.0
    },
    "rouge-l": {
      "r": 0.4973384030418251,
      "p": 0.0531403999423317,
      "f": 0.09524011721461702
    }
  },
  "wups": 0.5421731058255028,
  "max_wups": 0.5993505414289815,
  "meteor": 0.12461346553230644
}