{
  "rouge": {
    "rouge-1": {
      "r": 0.25569898379566053,
      "p": 0.02393022494697529,
      "f": 0.043251075740239606
    },
    "rouge-2": {
      "r": 0.00013732491073880802,
      "p": 4.735341749614069e-06,
      "f": 9.154993960755593e-06
    },
    "rouge-l": {
      "r": 0.25569898379566053,
      "p": 0.02393022494697529,
      "f": 0.043251075740239606
    }
  },
  "lemmatization_rouge": {
    "rouge-1": {
      "r": 0.3713265586377369,
      "p": 0.030913433469736438,
      "f": 0.05632170852959861
    },
    "rouge-2": {
      "r": 0.00013732491073880802,
      "p": 4.735341749614069e-06,
      "f": 9.154993960755593e-06
    },
    "rouge-l": {
      "r": 0.3713265586377369,
      "p": 0.030913433469736438,
      "f": 0.05632170852959861
    }
  },
  "wups": 0.4233480876691949,
  "max_wups": 0.4836620430434648,
  "meteor": 0.07974606223157735
}