{
  "rouge": {
    "rouge-1": {
      "r": 0.40000832177531265,
      "p": 0.04835676156074074,
      "f": 0.08489816849215451
    },
    "rouge-2": {
      "r": 0.006068423485899214,
      "p": 0.0009668515118397748,
      "f": 0.0016203771301676075
    },
    "rouge-l": {
      "r": 0.39859084604715744,
      "p": 0.04803537658744256,
      "f": 0.08439219259367763
    }
  },
  "lemmatization_rouge": {
    "rouge-1": {
      "r": 0.4426981044845125,
      "p": 0.05379769796320253,
      "f": 0.0942339064449274
    },
    "rouge-2": {
      "r": 0.012486361534905224,
      "p": 0.0017361707059955415,
      "f": 0.002945287854395158
    },
    "rouge-l": {
      "r": 0.44020249653259397,
      "p": 0.053236904100244474,
      "f": 0.09334013171957255
    }
  },
  "wups": 0.42511087719290136,
  "max_wups": 0.48249329107493366,
  "meteor": 0.12133870116273832
}