{
  "rouge": {
    "rouge-1": {
      "r": 0.2654110764751926,
      "p": 0.022502525351131564,
      "f": 0.04112805609865777
    },
    "rouge-2": {
      "r": 0.00016478762994191236,
      "p": 1.655996266471428e-05,
      "f": 2.9711823089646906e-05
    },
    "rouge-l": {
      "r": 0.2654110764751926,
      "p": 0.022502525351131564,
      "f": 0.04112805609865777
    }
  },
  "lemmatization_rouge": {
    "rouge-1": {
      "r": 0.36117328792518644,
      "p": 0.030278319011911435,
      "f": 0.05538876813839363
    },
    "rouge-2": {
      "r": 0.00020598453742739044,
      "p": 1.8323813451592524e-05,
      "f": 3.3059165554780886e-05
    },
    "rouge-l": {
      "r": 0.36117328792518644,
      "p": 0.030278319011911435,
      "f": 0.05538876813839363
    }
  },
  "wups": 0.42493233949193226,
  "max_wups": 0.4829589786343511,
  "meteor": 0.08418467233179902
}