{
  "rouge": {
    "rouge-1": {
      "r": 0.39629094778444934,
      "p": 0.03914044192103697,
      "f": 0.07082718378566139
    },
    "rouge-2": {
      "r": 0.0001520103367028958,
      "p": 1.6410206803153524e-05,
      "f": 2.9557565203754847e-05
    },
    "rouge-l": {
      "r": 0.39629094778444934,
      "p": 0.03914044192103697,
      "f": 0.07082718378566139
    }
  },
  "lemmatization_rouge": {
    "rouge-1": {
      "r": 0.47404423500798054,
      "p": 0.04616196686392571,
      "f": 0.08362119319720213
    },
    "rouge-2": {
      "r": 0.0001520103367028958,
      "p": 1.6410206803153524e-05,
      "f": 2.9557565203754847e-05
    },
    "rouge-l": {
      "r": 0.47404423500798054,
      "p": 0.04616196686392571,
      "f": 0.08362119319720213
    }
  },
  "wups": 0.5439385771756041,
  "max_wups": 0.5871574829273888,
  "meteor": 0.1176972826227073
}