{
  "rouge": {
    "rouge-1": {
      "r": 0.39225852093165814,
      "p": 0.050092941288000625,
      "f": 0.08663564602760274
    },
    "rouge-2": {
      "r": 0.0054491537495305765,
      "p": 0.001193565563059121,
      "f": 0.001904399877505544
    },
    "rouge-l": {
      "r": 0.3908734475233548,
      "p": 0.04968103980240503,
      "f": 0.08601335564900398
    }
  },
  "lemmatization_rouge": {
    "rouge-1": {
      "r": 0.44149699725532554,
      "p": 0.05754137206547829,
      "f": 0.09914651649192432
    },
    "rouge-2": {
      "r": 0.013209378775013362,
      "p": 0.002360328771116097,
      "f": 0.003870102801357232
    },
    "rouge-l": {
      "r": 0.43808510972860376,
      "p": 0.05662625757069075,
      "f": 0.09773559343994337
    }
  },
  "wups": 0.4562555416230182,
  "max_wups": 0.5034027207018543,
  "meteor": 0.13486745619546317
}