{
  "rouge": {
    "rouge-1": {
      "r": 0.3908745247148289,
      "p": 0.03817153411023764,
      "f": 0.06913245728731739
    },
    "rouge-2": {
      "r": 0.0,
      "p": 0.0,
      "f": 0.0
    },
    "rouge-l": {
      "r": 0.3908745247148289,
      "p": 0.03817153411023764,
      "f": 0.06913245728731739
    }
  },
  "lemmatization_rouge": {
    "rouge-1": {
      "r": 0.47604562737642586,
      "p": 0.04609472298976002,
      "f": 0.08353830406759326
    },
    "rouge-2": {
      "r": 0.0,
      "p": 0.0,
      "f": 0.0
    },
    "rouge-l": {
      "r": 0.47604562737642586,
      "p": 0.04609472298976002,
      "f": 0.08353830406759326
    }
  },
  "wups": 0.5457664875359202,
  "max_wups": 0.5952559290463029,
  "meteor": 0.11910904729403887
}