{
  "rouge": {
    "rouge-1": {
      "r": 0.26132930513595165,
      "p": 0.022201681449685873,
      "f": 0.04058070536113809
    },
    "rouge-2": {
      "r": 0.00013732491073880802,
      "p": 1.2484082794437092e-05,
      "f": 2.2887484913332727e-05
    },
    "rouge-l": {
      "r": 0.26132930513595165,
      "p": 0.022201681449685873,
      "f": 0.04058070536113809
    }
  },
  "lemmatization_rouge": {
    "rouge-1": {
      "r": 0.35718209283163965,
      "p": 0.029774452120572108,
      "f": 0.054499260438212536
    },
    "rouge-2": {
      "r": 0.00013732491073880802,
      "p": 1.2484082794437092e-05,
      "f": 2.2887484913332727e-05
    },
    "rouge-l": {
      "r": 0.35718209283163965,
      "p": 0.029774452120572108,
      "f": 0.054499260438212536
    }
  },
  "wups": 0.42318796248883706,
  "max_wups": 0.4823150834241986,
  "meteor": 0.08338546632638968
}