{
  "rouge": {
    "rouge-1": {
      "r": 0.39276001776001845,
      "p": 0.04979841007931081,
      "f": 0.08630408491944414
    },
    "rouge-2": {
      "r": 0.006196581196581197,
      "p": 0.0012704697548099313,
      "f": 0.0020599221748537496
    },
    "rouge-l": {
      "r": 0.39167499167499237,
      "p": 0.049516369110138334,
      "f": 0.08586470082508929
    }
  },
  "lemmatization_rouge": {
    "rouge-1": {
      "r": 0.4438783438783442,
      "p": 0.0575773010363336,
      "f": 0.09929551236959075
    },
    "rouge-2": {
      "r": 0.013147963147963146,
      "p": 0.00239324458798612,
      "f": 0.003929080789137214
    },
    "rouge-l": {
      "r": 0.4403642653642657,
      "p": 0.05673029384488069,
      "f": 0.09795817593685553
    }
  },
  "wups": 0.4622971793820758,
  "max_wups": 0.5100768685164278,
  "meteor": 0.13449226162321232
}